gene_id	variant_id	variant_chr	variant_pos	gene_chr	gene_start	gene_end	gene_strand	distance_to_gene_start	distance_to_gene_center	SYMBOL	GENENAME	ENSG_ID
101928122	17:69651905_A_C	chr17	69651905	chr17	69577251	69903000	+	74654	88220.5	LINC01483	long intergenic non-protein coding RNA 1483	ENSG00000227517
105370522	14:58377808_C_T	chr14	58377808	chr14	58370023	58395641	-	7785	5024	TOMM20L-DT	TOMM20L divergent transcript	
105370522	14:58380013_A_G	chr14	58380013	chr14	58370023	58395641	-	9990	2819	TOMM20L-DT	TOMM20L divergent transcript	
105370522	14:58381595_G_A	chr14	58381595	chr14	58370023	58395641	-	11572	1237	TOMM20L-DT	TOMM20L divergent transcript	
105370522	14:58382581_G_T	chr14	58382581	chr14	58370023	58395641	-	12558	251	TOMM20L-DT	TOMM20L divergent transcript	
105370522	14:58386288_C_T	chr14	58386288	chr14	58370023	58395641	-	16265	3456	TOMM20L-DT	TOMM20L divergent transcript	
105378712	1:50359773_A_C	chr1	50359773	chr1	50265742	50321192	-	94031	66306	LINC02808	long intergenic non-protein coding RNA 2808	ENSG00000284696
105379082	5:92663298_A_C	chr5	92663298	chr5	92410256	92688254	-	253042	114043	LOC105379082	uncharacterized LOC105379082	
105379082	5:92663533_A_G	chr5	92663533	chr5	92410256	92688254	-	253277	114278	LOC105379082	uncharacterized LOC105379082	
105379082	5:92663812_A_G	chr5	92663812	chr5	92410256	92688254	-	253556	114557	LOC105379082	uncharacterized LOC105379082	
105379082	5:92664622_T_C	chr5	92664622	chr5	92410256	92688254	-	254366	115367	LOC105379082	uncharacterized LOC105379082	
105379082	5:92664903_T_G	chr5	92664903	chr5	92410256	92688254	-	254647	115648	LOC105379082	uncharacterized LOC105379082	
105379082	5:92666086_A_C	chr5	92666086	chr5	92410256	92688254	-	255830	116831	LOC105379082	uncharacterized LOC105379082	
105379082	5:92666814_A_G	chr5	92666814	chr5	92410256	92688254	-	256558	117559	LOC105379082	uncharacterized LOC105379082	
105379082	5:92668285_CT_C	chr5	92668285	chr5	92410256	92688254	-	258029	119030	LOC105379082	uncharacterized LOC105379082	
105379082	5:92672772_C_T	chr5	92672772	chr5	92410256	92688254	-	262516	123517	LOC105379082	uncharacterized LOC105379082	
105379082	5:92672776_A_G	chr5	92672776	chr5	92410256	92688254	-	262520	123521	LOC105379082	uncharacterized LOC105379082	
105379082	5:92675199_A_G	chr5	92675199	chr5	92410256	92688254	-	264943	125944	LOC105379082	uncharacterized LOC105379082	
105379082	5:92676547_T_A	chr5	92676547	chr5	92410256	92688254	-	266291	127292	LOC105379082	uncharacterized LOC105379082	
105379082	5:92676731_A_G	chr5	92676731	chr5	92410256	92688254	-	266475	127476	LOC105379082	uncharacterized LOC105379082	
107984117	5:92847045_G_C	chr5	92847045	chr5	92907180	92939591	-	60135	76340.5	LINC02058	long intergenic non-protein coding RNA 2058	
107984117	5:92850352_T_C	chr5	92850352	chr5	92907180	92939591	-	56828	73033.5	LINC02058	long intergenic non-protein coding RNA 2058	
107984117	5:92850722_G_T	chr5	92850722	chr5	92907180	92939591	-	56458	72663.5	LINC02058	long intergenic non-protein coding RNA 2058	
107984117	5:92862889_A_G	chr5	92862889	chr5	92907180	92939591	-	44291	60496.5	LINC02058	long intergenic non-protein coding RNA 2058	
107984117	5:92865373_G_T	chr5	92865373	chr5	92907180	92939591	-	41807	58012.5	LINC02058	long intergenic non-protein coding RNA 2058	
107984117	5:92923945_A_T	chr5	92923945	chr5	92907180	92939591	-	16765	559.5	LINC02058	long intergenic non-protein coding RNA 2058	
107984117	5:92970955_T_C	chr5	92970955	chr5	92907180	92939591	-	63775	47569.5	LINC02058	long intergenic non-protein coding RNA 2058	
107984117	5:93032299_G_A	chr5	93032299	chr5	92907180	92939591	-	125119	108913.5	LINC02058	long intergenic non-protein coding RNA 2058	
107984117	5:93053552_G_C	chr5	93053552	chr5	92907180	92939591	-	146372	130166.5	LINC02058	long intergenic non-protein coding RNA 2058	
107984642	14:58877955_T_C	chr14	58877955	chr14	58828185	59184247	+	49770	128261	LOC107984642	uncharacterized LOC107984642	
107984642	14:59118952_A_T	chr14	59118952	chr14	58828185	59184247	+	290767	112736	LOC107984642	uncharacterized LOC107984642	
107984642	14:59119214_C_A	chr14	59119214	chr14	58828185	59184247	+	291029	112998	LOC107984642	uncharacterized LOC107984642	
107984642	14:59121605_T_C	chr14	59121605	chr14	58828185	59184247	+	293420	115389	LOC107984642	uncharacterized LOC107984642	
107984642	14:59123456_A_G	chr14	59123456	chr14	58828185	59184247	+	295271	117240	LOC107984642	uncharacterized LOC107984642	
107984642	14:59124364_A_G	chr14	59124364	chr14	58828185	59184247	+	296179	118148	LOC107984642	uncharacterized LOC107984642	
107984642	14:59124906_T_C	chr14	59124906	chr14	58828185	59184247	+	296721	118690	LOC107984642	uncharacterized LOC107984642	
107984642	14:59127198_C_A	chr14	59127198	chr14	58828185	59184247	+	299013	120982	LOC107984642	uncharacterized LOC107984642	
107984642	14:59128527_T_C	chr14	59128527	chr14	58828185	59184247	+	300342	122311	LOC107984642	uncharacterized LOC107984642	
107984642	14:59130619_G_A	chr14	59130619	chr14	58828185	59184247	+	302434	124403	LOC107984642	uncharacterized LOC107984642	
107984642	14:59130690_G_A	chr14	59130690	chr14	58828185	59184247	+	302505	124474	LOC107984642	uncharacterized LOC107984642	
107984642	14:59132213_C_T	chr14	59132213	chr14	58828185	59184247	+	304028	125997	LOC107984642	uncharacterized LOC107984642	
107984642	14:59134346_C_A	chr14	59134346	chr14	58828185	59184247	+	306161	128130	LOC107984642	uncharacterized LOC107984642	
107984642	14:59136196_G_C	chr14	59136196	chr14	58828185	59184247	+	308011	129980	LOC107984642	uncharacterized LOC107984642	
107984642	14:59136751_A_AG	chr14	59136751	chr14	58828185	59184247	+	308566	130535	LOC107984642	uncharacterized LOC107984642	
107984642	14:59138398_G_A	chr14	59138398	chr14	58828185	59184247	+	310213	132182	LOC107984642	uncharacterized LOC107984642	
107984642	14:59140004_T_TTGTGTG	chr14	59140004	chr14	58828185	59184247	+	311819	133788	LOC107984642	uncharacterized LOC107984642	
107984642	14:59143358_A_T	chr14	59143358	chr14	58828185	59184247	+	315173	137142	LOC107984642	uncharacterized LOC107984642	
107984642	14:59143742_T_G	chr14	59143742	chr14	58828185	59184247	+	315557	137526	LOC107984642	uncharacterized LOC107984642	
107984642	14:59145017_G_C	chr14	59145017	chr14	58828185	59184247	+	316832	138801	LOC107984642	uncharacterized LOC107984642	
107984642	14:59145599_C_T	chr14	59145599	chr14	58828185	59184247	+	317414	139383	LOC107984642	uncharacterized LOC107984642	
107984642	14:59146082_A_T	chr14	59146082	chr14	58828185	59184247	+	317897	139866	LOC107984642	uncharacterized LOC107984642	
107984642	14:59150362_A_C	chr14	59150362	chr14	58828185	59184247	+	322177	144146	LOC107984642	uncharacterized LOC107984642	
107984642	14:59152846_C_G	chr14	59152846	chr14	58828185	59184247	+	324661	146630	LOC107984642	uncharacterized LOC107984642	
107984642	14:59152992_T_TGGATAA	chr14	59152992	chr14	58828185	59184247	+	324807	146776	LOC107984642	uncharacterized LOC107984642	
107984642	14:59154008_TA_T	chr14	59154008	chr14	58828185	59184247	+	325823	147792	LOC107984642	uncharacterized LOC107984642	
107984642	14:59154362_A_G	chr14	59154362	chr14	58828185	59184247	+	326177	148146	LOC107984642	uncharacterized LOC107984642	
107984642	14:59157599_C_T	chr14	59157599	chr14	58828185	59184247	+	329414	151383	LOC107984642	uncharacterized LOC107984642	
107984642	14:59159279_G_A	chr14	59159279	chr14	58828185	59184247	+	331094	153063	LOC107984642	uncharacterized LOC107984642	
107984642	14:59160716_AC_A	chr14	59160716	chr14	58828185	59184247	+	332531	154500	LOC107984642	uncharacterized LOC107984642	
107984642	14:59160913_G_A	chr14	59160913	chr14	58828185	59184247	+	332728	154697	LOC107984642	uncharacterized LOC107984642	
107984642	14:59161891_T_C	chr14	59161891	chr14	58828185	59184247	+	333706	155675	LOC107984642	uncharacterized LOC107984642	
107984642	14:59161961_G_A	chr14	59161961	chr14	58828185	59184247	+	333776	155745	LOC107984642	uncharacterized LOC107984642	
107984642	14:59164357_GTTGT_G	chr14	59164357	chr14	58828185	59184247	+	336172	158141	LOC107984642	uncharacterized LOC107984642	
107984642	14:59169691_T_C	chr14	59169691	chr14	58828185	59184247	+	341506	163475	LOC107984642	uncharacterized LOC107984642	
107984642	14:59170785_A_G	chr14	59170785	chr14	58828185	59184247	+	342600	164569	LOC107984642	uncharacterized LOC107984642	
107984642	14:59171456_A_G	chr14	59171456	chr14	58828185	59184247	+	343271	165240	LOC107984642	uncharacterized LOC107984642	
107984642	14:59175347_T_G	chr14	59175347	chr14	58828185	59184247	+	347162	169131	LOC107984642	uncharacterized LOC107984642	
107984642	14:59176284_A_G	chr14	59176284	chr14	58828185	59184247	+	348099	170068	LOC107984642	uncharacterized LOC107984642	
107984642	14:59177028_T_C	chr14	59177028	chr14	58828185	59184247	+	348843	170812	LOC107984642	uncharacterized LOC107984642	
107984642	14:59177243_A_G	chr14	59177243	chr14	58828185	59184247	+	349058	171027	LOC107984642	uncharacterized LOC107984642	
107984642	14:59177568_A_G	chr14	59177568	chr14	58828185	59184247	+	349383	171352	LOC107984642	uncharacterized LOC107984642	
107984642	14:59177780_T_C	chr14	59177780	chr14	58828185	59184247	+	349595	171564	LOC107984642	uncharacterized LOC107984642	
107984642	14:59182020_T_C	chr14	59182020	chr14	58828185	59184247	+	353835	175804	LOC107984642	uncharacterized LOC107984642	
145407	14:58239891_T_C	chr14	58239891	chr14	58000761	58298139	-	239130	90441	ARMH4	armadillo like helical domain containing 4	ENSG00000139971
145407	14:58240535_A_G	chr14	58240535	chr14	58000761	58298139	-	239774	91085	ARMH4	armadillo like helical domain containing 4	ENSG00000139971
145407	14:58244047_C_CTG	chr14	58244047	chr14	58000761	58298139	-	243286	94597	ARMH4	armadillo like helical domain containing 4	ENSG00000139971
22937	3:47418074_CG_C	chr3	47418074	chr3	47413681	47477126	-	4393	27329.5	SCAP	SREBF chaperone	ENSG00000114650
22937	3:47422077_T_C	chr3	47422077	chr3	47413681	47477126	-	8396	23326.5	SCAP	SREBF chaperone	ENSG00000114650
22937	3:47428994_G_A	chr3	47428994	chr3	47413681	47477126	-	15313	16409.5	SCAP	SREBF chaperone	ENSG00000114650
22937	3:47429297_A_T	chr3	47429297	chr3	47413681	47477126	-	15616	16106.5	SCAP	SREBF chaperone	ENSG00000114650
22937	3:47431678_C_T	chr3	47431678	chr3	47413681	47477126	-	17997	13725.5	SCAP	SREBF chaperone	ENSG00000114650
22937	3:47438245_A_C	chr3	47438245	chr3	47413681	47477126	-	24564	7158.5	SCAP	SREBF chaperone	ENSG00000114650
22937	3:47439034_G_C	chr3	47439034	chr3	47413681	47477126	-	25353	6369.5	SCAP	SREBF chaperone	ENSG00000114650
22937	3:47445142_T_C	chr3	47445142	chr3	47413681	47477126	-	31461	261.5	SCAP	SREBF chaperone	ENSG00000114650
22937	3:47448395_G_C	chr3	47448395	chr3	47413681	47477126	-	34714	2991.5	SCAP	SREBF chaperone	ENSG00000114650
22937	3:47448724_GTTCAT_G	chr3	47448724	chr3	47413681	47477126	-	35043	3320.5	SCAP	SREBF chaperone	ENSG00000114650
22937	3:47452813_G_A	chr3	47452813	chr3	47413681	47477126	-	39132	7409.5	SCAP	SREBF chaperone	ENSG00000114650
22937	3:47452890_C_G	chr3	47452890	chr3	47413681	47477126	-	39209	7486.5	SCAP	SREBF chaperone	ENSG00000114650
22937	3:47461859_C_T	chr3	47461859	chr3	47413681	47477126	-	48178	16455.5	SCAP	SREBF chaperone	ENSG00000114650
22937	3:47475238_G_A	chr3	47475238	chr3	47413681	47477126	-	61557	29834.5	SCAP	SREBF chaperone	ENSG00000114650
22937	3:47476180_A_C	chr3	47476180	chr3	47413681	47477126	-	62499	30776.5	SCAP	SREBF chaperone	ENSG00000114650
22937	3:47476283_G_T	chr3	47476283	chr3	47413681	47477126	-	62602	30879.5	SCAP	SREBF chaperone	ENSG00000114650
22937	3:47476284_A_T	chr3	47476284	chr3	47413681	47477126	-	62603	30880.5	SCAP	SREBF chaperone	ENSG00000114650
22937	3:47476776_C_T	chr3	47476776	chr3	47413681	47477126	-	63095	31372.5	SCAP	SREBF chaperone	ENSG00000114650
22937	3:47476835_C_T	chr3	47476835	chr3	47413681	47477126	-	63154	31431.5	SCAP	SREBF chaperone	ENSG00000114650
22937	3:47484373_G_A	chr3	47484373	chr3	47413681	47477126	-	70692	38969.5	SCAP	SREBF chaperone	ENSG00000114650
22937	3:47484639_TA_T	chr3	47484639	chr3	47413681	47477126	-	70958	39235.5	SCAP	SREBF chaperone	ENSG00000114650
23002	14:59187082_T_C	chr14	59187082	chr14	59188646	59371405	+	1564	92943.5	DAAM1	dishevelled associated activator of morphogenesis 1	ENSG00000100592
23002	14:59187931_C_T	chr14	59187931	chr14	59188646	59371405	+	715	92094.5	DAAM1	dishevelled associated activator of morphogenesis 1	ENSG00000100592
23002	14:59191882_C_A	chr14	59191882	chr14	59188646	59371405	+	3236	88143.5	DAAM1	dishevelled associated activator of morphogenesis 1	ENSG00000100592
23002	14:59193834_C_T	chr14	59193834	chr14	59188646	59371405	+	5188	86191.5	DAAM1	dishevelled associated activator of morphogenesis 1	ENSG00000100592
23002	14:59194051_G_GT	chr14	59194051	chr14	59188646	59371405	+	5405	85974.5	DAAM1	dishevelled associated activator of morphogenesis 1	ENSG00000100592
23002	14:59194548_C_G	chr14	59194548	chr14	59188646	59371405	+	5902	85477.5	DAAM1	dishevelled associated activator of morphogenesis 1	ENSG00000100592
23002	14:59194848_C_T	chr14	59194848	chr14	59188646	59371405	+	6202	85177.5	DAAM1	dishevelled associated activator of morphogenesis 1	ENSG00000100592
23002	14:59197087_G_A	chr14	59197087	chr14	59188646	59371405	+	8441	82938.5	DAAM1	dishevelled associated activator of morphogenesis 1	ENSG00000100592
23002	14:59199356_C_G	chr14	59199356	chr14	59188646	59371405	+	10710	80669.5	DAAM1	dishevelled associated activator of morphogenesis 1	ENSG00000100592
23002	14:59202319_C_T	chr14	59202319	chr14	59188646	59371405	+	13673	77706.5	DAAM1	dishevelled associated activator of morphogenesis 1	ENSG00000100592
23002	14:59202587_C_T	chr14	59202587	chr14	59188646	59371405	+	13941	77438.5	DAAM1	dishevelled associated activator of morphogenesis 1	ENSG00000100592
23002	14:59202676_C_T	chr14	59202676	chr14	59188646	59371405	+	14030	77349.5	DAAM1	dishevelled associated activator of morphogenesis 1	ENSG00000100592
23002	14:59203230_G_A	chr14	59203230	chr14	59188646	59371405	+	14584	76795.5	DAAM1	dishevelled associated activator of morphogenesis 1	ENSG00000100592
23245	9:116482904_G_A	chr9	116482904	chr9	116423112	117415070	-	59792	436187	ASTN2	astrotactin 2	ENSG00000148219
23245	9:116483676_G_A	chr9	116483676	chr9	116423112	117415070	-	60564	435415	ASTN2	astrotactin 2	ENSG00000148219
23245	9:116484146_A_G	chr9	116484146	chr9	116423112	117415070	-	61034	434945	ASTN2	astrotactin 2	ENSG00000148219
23245	9:116485355_CTA_C	chr9	116485355	chr9	116423112	117415070	-	62243	433736	ASTN2	astrotactin 2	ENSG00000148219
23245	9:116485695_G_C	chr9	116485695	chr9	116423112	117415070	-	62583	433396	ASTN2	astrotactin 2	ENSG00000148219
23245	9:116491844_G_C	chr9	116491844	chr9	116423112	117415070	-	68732	427247	ASTN2	astrotactin 2	ENSG00000148219
23276	3:47284808_G_A	chr3	47284808	chr3	47282917	47346816	+	1891	30058.5	KLHL18	kelch like family member 18	ENSG00000114648
23276	3:47289646_C_T	chr3	47289646	chr3	47282917	47346816	+	6729	25220.5	KLHL18	kelch like family member 18	ENSG00000114648
23276	3:47294391_C_A	chr3	47294391	chr3	47282917	47346816	+	11474	20475.5	KLHL18	kelch like family member 18	ENSG00000114648
23276	3:47298233_G_A	chr3	47298233	chr3	47282917	47346816	+	15316	16633.5	KLHL18	kelch like family member 18	ENSG00000114648
23276	3:47308424_T_A	chr3	47308424	chr3	47282917	47346816	+	25507	6442.5	KLHL18	kelch like family member 18	ENSG00000114648
23276	3:47319592_G_T	chr3	47319592	chr3	47282917	47346816	+	36675	4725.5	KLHL18	kelch like family member 18	ENSG00000114648
23276	3:47334400_T_C	chr3	47334400	chr3	47282917	47346816	+	51483	19533.5	KLHL18	kelch like family member 18	ENSG00000114648
23276	3:47347457_T_A	chr3	47347457	chr3	47282917	47346816	+	64540	32590.5	KLHL18	kelch like family member 18	ENSG00000114648
23276	3:47347827_T_C	chr3	47347827	chr3	47282917	47346816	+	64910	32960.5	KLHL18	kelch like family member 18	ENSG00000114648
23276	3:47347919_C_T	chr3	47347919	chr3	47282917	47346816	+	65002	33052.5	KLHL18	kelch like family member 18	ENSG00000114648
23276	3:47353212_G_A	chr3	47353212	chr3	47282917	47346816	+	70295	38345.5	KLHL18	kelch like family member 18	ENSG00000114648
23276	3:47353645_C_T	chr3	47353645	chr3	47282917	47346816	+	70728	38778.5	KLHL18	kelch like family member 18	ENSG00000114648
23276	3:47356640_C_T	chr3	47356640	chr3	47282917	47346816	+	73723	41773.5	KLHL18	kelch like family member 18	ENSG00000114648
23276	3:47357303_C_G	chr3	47357303	chr3	47282917	47346816	+	74386	42436.5	KLHL18	kelch like family member 18	ENSG00000114648
23276	3:47358838_A_G	chr3	47358838	chr3	47282917	47346816	+	75921	43971.5	KLHL18	kelch like family member 18	ENSG00000114648
23276	3:47363815_C_T	chr3	47363815	chr3	47282917	47346816	+	80898	48948.5	KLHL18	kelch like family member 18	ENSG00000114648
25930	3:47369074_C_G	chr3	47369074	chr3	47381011	47413435	+	11937	28149	PTPN23	protein tyrosine phosphatase non-receptor type 23	ENSG00000076201
25930	3:47373610_G_A	chr3	47373610	chr3	47381011	47413435	+	7401	23613	PTPN23	protein tyrosine phosphatase non-receptor type 23	ENSG00000076201
25930	3:47375271_A_G	chr3	47375271	chr3	47381011	47413435	+	5740	21952	PTPN23	protein tyrosine phosphatase non-receptor type 23	ENSG00000076201
25930	3:47380662_G_C	chr3	47380662	chr3	47381011	47413435	+	349	16561	PTPN23	protein tyrosine phosphatase non-receptor type 23	ENSG00000076201
25930	3:47384240_G_A	chr3	47384240	chr3	47381011	47413435	+	3229	12983	PTPN23	protein tyrosine phosphatase non-receptor type 23	ENSG00000076201
25930	3:47384856_G_T	chr3	47384856	chr3	47381011	47413435	+	3845	12367	PTPN23	protein tyrosine phosphatase non-receptor type 23	ENSG00000076201
25930	3:47387513_G_C	chr3	47387513	chr3	47381011	47413435	+	6502	9710	PTPN23	protein tyrosine phosphatase non-receptor type 23	ENSG00000076201
25930	3:47388696_G_T	chr3	47388696	chr3	47381011	47413435	+	7685	8527	PTPN23	protein tyrosine phosphatase non-receptor type 23	ENSG00000076201
25930	3:47389927_G_A	chr3	47389927	chr3	47381011	47413435	+	8916	7296	PTPN23	protein tyrosine phosphatase non-receptor type 23	ENSG00000076201
25930	3:47395966_CGTG_C	chr3	47395966	chr3	47381011	47413435	+	14955	1257	PTPN23	protein tyrosine phosphatase non-receptor type 23	ENSG00000076201
25930	3:47397801_C_T	chr3	47397801	chr3	47381011	47413435	+	16790	578	PTPN23	protein tyrosine phosphatase non-receptor type 23	ENSG00000076201
25930	3:47398190_T_C	chr3	47398190	chr3	47381011	47413435	+	17179	967	PTPN23	protein tyrosine phosphatase non-receptor type 23	ENSG00000076201
25930	3:47401373_G_A	chr3	47401373	chr3	47381011	47413435	+	20362	4150	PTPN23	protein tyrosine phosphatase non-receptor type 23	ENSG00000076201
25930	3:47401772_T_G	chr3	47401772	chr3	47381011	47413435	+	20761	4549	PTPN23	protein tyrosine phosphatase non-receptor type 23	ENSG00000076201
25930	3:47402791_C_T	chr3	47402791	chr3	47381011	47413435	+	21780	5568	PTPN23	protein tyrosine phosphatase non-receptor type 23	ENSG00000076201
25930	3:47409921_C_T	chr3	47409921	chr3	47381011	47413435	+	28910	12698	PTPN23	protein tyrosine phosphatase non-receptor type 23	ENSG00000076201
379025	14:58272819_A_G	chr14	58272819	chr14	58265365	58298134	-	7454	8930.5	PSMA3-AS1	PSMA3 antisense RNA 1	ENSG00000257621
379025	14:58275597_AAT_A	chr14	58275597	chr14	58265365	58298134	-	10232	6152.5	PSMA3-AS1	PSMA3 antisense RNA 1	ENSG00000257621
379025	14:58277034_A_G	chr14	58277034	chr14	58265365	58298134	-	11669	4715.5	PSMA3-AS1	PSMA3 antisense RNA 1	ENSG00000257621
379025	14:58277859_G_A	chr14	58277859	chr14	58265365	58298134	-	12494	3890.5	PSMA3-AS1	PSMA3 antisense RNA 1	ENSG00000257621
379025	14:58281734_C_CT	chr14	58281734	chr14	58265365	58298134	-	16369	15.5	PSMA3-AS1	PSMA3 antisense RNA 1	ENSG00000257621
379025	14:58282711_T_C	chr14	58282711	chr14	58265365	58298134	-	17346	961.5	PSMA3-AS1	PSMA3 antisense RNA 1	ENSG00000257621
379025	14:58285394_A_G	chr14	58285394	chr14	58265365	58298134	-	20029	3644.5	PSMA3-AS1	PSMA3 antisense RNA 1	ENSG00000257621
379025	14:58287183_C_T	chr14	58287183	chr14	58265365	58298134	-	21818	5433.5	PSMA3-AS1	PSMA3 antisense RNA 1	ENSG00000257621
379025	14:58295479_G_C	chr14	58295479	chr14	58265365	58298134	-	30114	13729.5	PSMA3-AS1	PSMA3 antisense RNA 1	ENSG00000257621
379025	14:58289703_G_A	chr14	58289703	chr14	58265365	58298134	-	24338	7953.5	PSMA3-AS1	PSMA3 antisense RNA 1	ENSG00000257621
379025	14:58290913_C_CA	chr14	58290913	chr14	58265365	58298134	-	25548	9163.5	PSMA3-AS1	PSMA3 antisense RNA 1	ENSG00000257621
379025	14:58291613_GT_G	chr14	58291613	chr14	58265365	58298134	-	26248	9863.5	PSMA3-AS1	PSMA3 antisense RNA 1	ENSG00000257621
379025	14:58291841_GT_G	chr14	58291841	chr14	58265365	58298134	-	26476	10091.5	PSMA3-AS1	PSMA3 antisense RNA 1	ENSG00000257621
379025	14:58292289_A_T	chr14	58292289	chr14	58265365	58298134	-	26924	10539.5	PSMA3-AS1	PSMA3 antisense RNA 1	ENSG00000257621
379025	14:58292769_T_C	chr14	58292769	chr14	58265365	58298134	-	27404	11019.5	PSMA3-AS1	PSMA3 antisense RNA 1	ENSG00000257621
379025	14:58292948_A_G	chr14	58292948	chr14	58265365	58298134	-	27583	11198.5	PSMA3-AS1	PSMA3 antisense RNA 1	ENSG00000257621
379025	14:58292987_T_TGA	chr14	58292987	chr14	58265365	58298134	-	27622	11237.5	PSMA3-AS1	PSMA3 antisense RNA 1	ENSG00000257621
379025	14:58293044_A_G	chr14	58293044	chr14	58265365	58298134	-	27679	11294.5	PSMA3-AS1	PSMA3 antisense RNA 1	ENSG00000257621
379025	14:58294411_A_G	chr14	58294411	chr14	58265365	58298134	-	29046	12661.5	PSMA3-AS1	PSMA3 antisense RNA 1	ENSG00000257621
379025	14:58294485_C_T	chr14	58294485	chr14	58265365	58298134	-	29120	12735.5	PSMA3-AS1	PSMA3 antisense RNA 1	ENSG00000257621
379025	14:58295194_G_A	chr14	58295194	chr14	58265365	58298134	-	29829	13444.5	PSMA3-AS1	PSMA3 antisense RNA 1	ENSG00000257621
379025	14:58295819_C_T	chr14	58295819	chr14	58265365	58298134	-	30454	14069.5	PSMA3-AS1	PSMA3 antisense RNA 1	ENSG00000257621
379025	14:58295491_A_G	chr14	58295491	chr14	58265365	58298134	-	30126	13741.5	PSMA3-AS1	PSMA3 antisense RNA 1	ENSG00000257621
379025	14:58295564_T_C	chr14	58295564	chr14	58265365	58298134	-	30199	13814.5	PSMA3-AS1	PSMA3 antisense RNA 1	ENSG00000257621
379025	14:58295814_G_C	chr14	58295814	chr14	58265365	58298134	-	30449	14064.5	PSMA3-AS1	PSMA3 antisense RNA 1	ENSG00000257621
4784	19:12998949_G_A	chr19	12998949	chr19	12995475	13098796	+	3474	48186.5	NFIX	nuclear factor I X	ENSG00000008441
5168	8:119549173_T_G	chr8	119549173	chr8	119557086	119673453	-	7913	66096.5	ENPP2	ectonucleotide pyrophosphatase/phosphodiesterase 2	ENSG00000136960
5168	8:119549468_C_T	chr8	119549468	chr8	119557086	119673453	-	7618	65801.5	ENPP2	ectonucleotide pyrophosphatase/phosphodiesterase 2	ENSG00000136960
5168	8:119552244_T_C	chr8	119552244	chr8	119557086	119673453	-	4842	63025.5	ENPP2	ectonucleotide pyrophosphatase/phosphodiesterase 2	ENSG00000136960
5168	8:119553429_C_T	chr8	119553429	chr8	119557086	119673453	-	3657	61840.5	ENPP2	ectonucleotide pyrophosphatase/phosphodiesterase 2	ENSG00000136960
5168	8:119555118_G_A	chr8	119555118	chr8	119557086	119673453	-	1968	60151.5	ENPP2	ectonucleotide pyrophosphatase/phosphodiesterase 2	ENSG00000136960
5168	8:119558909_T_C	chr8	119558909	chr8	119557086	119673453	-	1823	56360.5	ENPP2	ectonucleotide pyrophosphatase/phosphodiesterase 2	ENSG00000136960
5168	8:119560645_C_T	chr8	119560645	chr8	119557086	119673453	-	3559	54624.5	ENPP2	ectonucleotide pyrophosphatase/phosphodiesterase 2	ENSG00000136960
5168	8:119560764_T_G	chr8	119560764	chr8	119557086	119673453	-	3678	54505.5	ENPP2	ectonucleotide pyrophosphatase/phosphodiesterase 2	ENSG00000136960
5168	8:119691541_G_A	chr8	119691541	chr8	119557086	119673453	-	134455	76271.5	ENPP2	ectonucleotide pyrophosphatase/phosphodiesterase 2	ENSG00000136960
54859	3:47491930_C_T	chr3	47491930	chr3	47495640	47513712	-	3710	12746	ELP6	elongator acetyltransferase complex subunit 6	ENSG00000163832
54859	3:47502513_C_A	chr3	47502513	chr3	47495640	47513712	-	6873	2163	ELP6	elongator acetyltransferase complex subunit 6	ENSG00000163832
54859	3:47503674_G_A	chr3	47503674	chr3	47495640	47513712	-	8034	1002	ELP6	elongator acetyltransferase complex subunit 6	ENSG00000163832
54859	3:47507943_G_GA	chr3	47507943	chr3	47495640	47513712	-	12303	3267	ELP6	elongator acetyltransferase complex subunit 6	ENSG00000163832
54859	3:47507950_T_A	chr3	47507950	chr3	47495640	47513712	-	12310	3274	ELP6	elongator acetyltransferase complex subunit 6	ENSG00000163832
54859	3:47507952_G_A	chr3	47507952	chr3	47495640	47513712	-	12312	3276	ELP6	elongator acetyltransferase complex subunit 6	ENSG00000163832
54859	3:47507953_C_A	chr3	47507953	chr3	47495640	47513712	-	12313	3277	ELP6	elongator acetyltransferase complex subunit 6	ENSG00000163832
54859	3:47507954_C_A	chr3	47507954	chr3	47495640	47513712	-	12314	3278	ELP6	elongator acetyltransferase complex subunit 6	ENSG00000163832
54859	3:47507956_GT_G	chr3	47507956	chr3	47495640	47513712	-	12316	3280	ELP6	elongator acetyltransferase complex subunit 6	ENSG00000163832
54859	3:47507958_T_G	chr3	47507958	chr3	47495640	47513712	-	12318	3282	ELP6	elongator acetyltransferase complex subunit 6	ENSG00000163832
54859	3:47507960_AG_A	chr3	47507960	chr3	47495640	47513712	-	12320	3284	ELP6	elongator acetyltransferase complex subunit 6	ENSG00000163832
54859	3:47507962_AT_A	chr3	47507962	chr3	47495640	47513712	-	12322	3286	ELP6	elongator acetyltransferase complex subunit 6	ENSG00000163832
54859	3:47507965_T_A	chr3	47507965	chr3	47495640	47513712	-	12325	3289	ELP6	elongator acetyltransferase complex subunit 6	ENSG00000163832
54859	3:47516761_G_A	chr3	47516761	chr3	47495640	47513712	-	21121	12085	ELP6	elongator acetyltransferase complex subunit 6	ENSG00000163832
54859	3:47519373_C_T	chr3	47519373	chr3	47495640	47513712	-	23733	14697	ELP6	elongator acetyltransferase complex subunit 6	ENSG00000163832
55451	14:58288762_A_G	chr14	58288762	chr14	58288033	58289158	+	729	166.5	LINC00216	long intergenic non-protein coding RNA 216	ENSG00000279636
55860	14:58201766_A_G	chr14	58201766	chr14	58200080	58235636	+	1686	16092	ACTR10	actin related protein 10	ENSG00000131966
55860	14:58202514_G_A	chr14	58202514	chr14	58200080	58235636	+	2434	15344	ACTR10	actin related protein 10	ENSG00000131966
55860	14:58202685_A_G	chr14	58202685	chr14	58200080	58235636	+	2605	15173	ACTR10	actin related protein 10	ENSG00000131966
55860	14:58202691_T_G	chr14	58202691	chr14	58200080	58235636	+	2611	15167	ACTR10	actin related protein 10	ENSG00000131966
55860	14:58204341_G_A	chr14	58204341	chr14	58200080	58235636	+	4261	13517	ACTR10	actin related protein 10	ENSG00000131966
55860	14:58206868_G_A	chr14	58206868	chr14	58200080	58235636	+	6788	10990	ACTR10	actin related protein 10	ENSG00000131966
55860	14:58211551_G_A	chr14	58211551	chr14	58200080	58235636	+	11471	6307	ACTR10	actin related protein 10	ENSG00000131966
55860	14:58211743_A_G	chr14	58211743	chr14	58200080	58235636	+	11663	6115	ACTR10	actin related protein 10	ENSG00000131966
55860	14:58214603_G_A	chr14	58214603	chr14	58200080	58235636	+	14523	3255	ACTR10	actin related protein 10	ENSG00000131966
55860	14:58218154_C_T	chr14	58218154	chr14	58200080	58235636	+	18074	296	ACTR10	actin related protein 10	ENSG00000131966
55860	14:58218425_A_C	chr14	58218425	chr14	58200080	58235636	+	18345	567	ACTR10	actin related protein 10	ENSG00000131966
55860	14:58222878_A_T	chr14	58222878	chr14	58200080	58235636	+	22798	5020	ACTR10	actin related protein 10	ENSG00000131966
55860	14:58226009_G_A	chr14	58226009	chr14	58200080	58235636	+	25929	8151	ACTR10	actin related protein 10	ENSG00000131966
55860	14:58229449_C_T	chr14	58229449	chr14	58200080	58235636	+	29369	11591	ACTR10	actin related protein 10	ENSG00000131966
55860	14:58231077_CAG_C	chr14	58231077	chr14	58200080	58235636	+	30997	13219	ACTR10	actin related protein 10	ENSG00000131966
55860	14:58234920_C_T	chr14	58234920	chr14	58200080	58235636	+	34840	17062	ACTR10	actin related protein 10	ENSG00000131966
5684	14:58246142_T_A	chr14	58246142	chr14	58244843	58272012	+	1299	12285.5	PSMA3	proteasome 20S subunit alpha 3	ENSG00000100567
5684	14:58246841_A_G	chr14	58246841	chr14	58244843	58272012	+	1998	11586.5	PSMA3	proteasome 20S subunit alpha 3	ENSG00000100567
5684	14:58247422_C_T	chr14	58247422	chr14	58244843	58272012	+	2579	11005.5	PSMA3	proteasome 20S subunit alpha 3	ENSG00000100567
5684	14:58250295_T_G	chr14	58250295	chr14	58244843	58272012	+	5452	8132.5	PSMA3	proteasome 20S subunit alpha 3	ENSG00000100567
5684	14:58254081_A_T	chr14	58254081	chr14	58244843	58272012	+	9238	4346.5	PSMA3	proteasome 20S subunit alpha 3	ENSG00000100567
5684	14:58254250_G_C	chr14	58254250	chr14	58244843	58272012	+	9407	4177.5	PSMA3	proteasome 20S subunit alpha 3	ENSG00000100567
5684	14:58255821_G_A	chr14	58255821	chr14	58244843	58272012	+	10978	2606.5	PSMA3	proteasome 20S subunit alpha 3	ENSG00000100567
5684	14:58256664_G_A	chr14	58256664	chr14	58244843	58272012	+	11821	1763.5	PSMA3	proteasome 20S subunit alpha 3	ENSG00000100567
5684	14:58256828_T_A	chr14	58256828	chr14	58244843	58272012	+	11985	1599.5	PSMA3	proteasome 20S subunit alpha 3	ENSG00000100567
5684	14:58256991_T_A	chr14	58256991	chr14	58244843	58272012	+	12148	1436.5	PSMA3	proteasome 20S subunit alpha 3	ENSG00000100567
5684	14:58257371_A_G	chr14	58257371	chr14	58244843	58272012	+	12528	1056.5	PSMA3	proteasome 20S subunit alpha 3	ENSG00000100567
5684	14:58257490_T_C	chr14	58257490	chr14	58244843	58272012	+	12647	937.5	PSMA3	proteasome 20S subunit alpha 3	ENSG00000100567
5684	14:58258099_CTT_C	chr14	58258099	chr14	58244843	58272012	+	13256	328.5	PSMA3	proteasome 20S subunit alpha 3	ENSG00000100567
5684	14:58258941_TTA_T	chr14	58258941	chr14	58244843	58272012	+	14098	513.5	PSMA3	proteasome 20S subunit alpha 3	ENSG00000100567
5684	14:58262598_T_A	chr14	58262598	chr14	58244843	58272012	+	17755	4170.5	PSMA3	proteasome 20S subunit alpha 3	ENSG00000100567
5684	14:58263908_G_A	chr14	58263908	chr14	58244843	58272012	+	19065	5480.5	PSMA3	proteasome 20S subunit alpha 3	ENSG00000100567
5684	14:58270684_T_C	chr14	58270684	chr14	58244843	58272012	+	25841	12256.5	PSMA3	proteasome 20S subunit alpha 3	ENSG00000100567
5684	14:58270812_A_T	chr14	58270812	chr14	58244843	58272012	+	25969	12384.5	PSMA3	proteasome 20S subunit alpha 3	ENSG00000100567
5684	14:58271048_T_A	chr14	58271048	chr14	58244843	58272012	+	26205	12620.5	PSMA3	proteasome 20S subunit alpha 3	ENSG00000100567
5926	14:58299182_G_T	chr14	58299182	chr14	58298504	58373887	+	678	37013.5	ARID4A	AT-rich interaction domain 4A	ENSG00000032219
5926	14:58299185_C_T	chr14	58299185	chr14	58298504	58373887	+	681	37010.5	ARID4A	AT-rich interaction domain 4A	ENSG00000032219
5926	14:58299899_G_A	chr14	58299899	chr14	58298504	58373887	+	1395	36296.5	ARID4A	AT-rich interaction domain 4A	ENSG00000032219
5926	14:58300367_ATATACT_A	chr14	58300367	chr14	58298504	58373887	+	1863	35828.5	ARID4A	AT-rich interaction domain 4A	ENSG00000032219
5926	14:58301300_A_ATAG	chr14	58301300	chr14	58298504	58373887	+	2796	34895.5	ARID4A	AT-rich interaction domain 4A	ENSG00000032219
5926	14:58302084_A_G	chr14	58302084	chr14	58298504	58373887	+	3580	34111.5	ARID4A	AT-rich interaction domain 4A	ENSG00000032219
5926	14:58302107_C_A	chr14	58302107	chr14	58298504	58373887	+	3603	34088.5	ARID4A	AT-rich interaction domain 4A	ENSG00000032219
5926	14:58302220_A_G	chr14	58302220	chr14	58298504	58373887	+	3716	33975.5	ARID4A	AT-rich interaction domain 4A	ENSG00000032219
5926	14:58302223_A_G	chr14	58302223	chr14	58298504	58373887	+	3719	33972.5	ARID4A	AT-rich interaction domain 4A	ENSG00000032219
5926	14:58302454_A_G	chr14	58302454	chr14	58298504	58373887	+	3950	33741.5	ARID4A	AT-rich interaction domain 4A	ENSG00000032219
5926	14:58302690_G_C	chr14	58302690	chr14	58298504	58373887	+	4186	33505.5	ARID4A	AT-rich interaction domain 4A	ENSG00000032219
5926	14:58303137_C_A	chr14	58303137	chr14	58298504	58373887	+	4633	33058.5	ARID4A	AT-rich interaction domain 4A	ENSG00000032219
5926	14:58303305_G_A	chr14	58303305	chr14	58298504	58373887	+	4801	32890.5	ARID4A	AT-rich interaction domain 4A	ENSG00000032219
5926	14:58303337_A_G	chr14	58303337	chr14	58298504	58373887	+	4833	32858.5	ARID4A	AT-rich interaction domain 4A	ENSG00000032219
5926	14:58303671_G_C	chr14	58303671	chr14	58298504	58373887	+	5167	32524.5	ARID4A	AT-rich interaction domain 4A	ENSG00000032219
5926	14:58303983_C_A	chr14	58303983	chr14	58298504	58373887	+	5479	32212.5	ARID4A	AT-rich interaction domain 4A	ENSG00000032219
5926	14:58304914_G_A	chr14	58304914	chr14	58298504	58373887	+	6410	31281.5	ARID4A	AT-rich interaction domain 4A	ENSG00000032219
5926	14:58307618_G_A	chr14	58307618	chr14	58298504	58373887	+	9114	28577.5	ARID4A	AT-rich interaction domain 4A	ENSG00000032219
5926	14:58308005_TACTTA_T	chr14	58308005	chr14	58298504	58373887	+	9501	28190.5	ARID4A	AT-rich interaction domain 4A	ENSG00000032219
5926	14:58312699_T_C	chr14	58312699	chr14	58298504	58373887	+	14195	23496.5	ARID4A	AT-rich interaction domain 4A	ENSG00000032219
5926	14:58313408_A_G	chr14	58313408	chr14	58298504	58373887	+	14904	22787.5	ARID4A	AT-rich interaction domain 4A	ENSG00000032219
5926	14:58316335_A_G	chr14	58316335	chr14	58298504	58373887	+	17831	19860.5	ARID4A	AT-rich interaction domain 4A	ENSG00000032219
5926	14:58317737_G_A	chr14	58317737	chr14	58298504	58373887	+	19233	18458.5	ARID4A	AT-rich interaction domain 4A	ENSG00000032219
5926	14:58318063_C_T	chr14	58318063	chr14	58298504	58373887	+	19559	18132.5	ARID4A	AT-rich interaction domain 4A	ENSG00000032219
5926	14:58321956_GT_G	chr14	58321956	chr14	58298504	58373887	+	23452	14239.5	ARID4A	AT-rich interaction domain 4A	ENSG00000032219
5926	14:58322121_G_A	chr14	58322121	chr14	58298504	58373887	+	23617	14074.5	ARID4A	AT-rich interaction domain 4A	ENSG00000032219
5926	14:58322249_C_T	chr14	58322249	chr14	58298504	58373887	+	23745	13946.5	ARID4A	AT-rich interaction domain 4A	ENSG00000032219
5926	14:58328969_G_A	chr14	58328969	chr14	58298504	58373887	+	30465	7226.5	ARID4A	AT-rich interaction domain 4A	ENSG00000032219
5926	14:58330922_T_C	chr14	58330922	chr14	58298504	58373887	+	32418	5273.5	ARID4A	AT-rich interaction domain 4A	ENSG00000032219
5926	14:58332400_G_A	chr14	58332400	chr14	58298504	58373887	+	33896	3795.5	ARID4A	AT-rich interaction domain 4A	ENSG00000032219
5926	14:58332643_G_A	chr14	58332643	chr14	58298504	58373887	+	34139	3552.5	ARID4A	AT-rich interaction domain 4A	ENSG00000032219
5926	14:58336562_GACA_G	chr14	58336562	chr14	58298504	58373887	+	38058	366.5	ARID4A	AT-rich interaction domain 4A	ENSG00000032219
5926	14:58348088_T_C	chr14	58348088	chr14	58298504	58373887	+	49584	11892.5	ARID4A	AT-rich interaction domain 4A	ENSG00000032219
5926	14:58348357_G_C	chr14	58348357	chr14	58298504	58373887	+	49853	12161.5	ARID4A	AT-rich interaction domain 4A	ENSG00000032219
5926	14:58349121_C_T	chr14	58349121	chr14	58298504	58373887	+	50617	12925.5	ARID4A	AT-rich interaction domain 4A	ENSG00000032219
5926	14:58352508_C_T	chr14	58352508	chr14	58298504	58373887	+	54004	16312.5	ARID4A	AT-rich interaction domain 4A	ENSG00000032219
5926	14:58355211_A_G	chr14	58355211	chr14	58298504	58373887	+	56707	19015.5	ARID4A	AT-rich interaction domain 4A	ENSG00000032219
5926	14:58356315_G_A	chr14	58356315	chr14	58298504	58373887	+	57811	20119.5	ARID4A	AT-rich interaction domain 4A	ENSG00000032219
5926	14:58361359_A_G	chr14	58361359	chr14	58298504	58373887	+	62855	25163.5	ARID4A	AT-rich interaction domain 4A	ENSG00000032219
5926	14:58362314_T_C	chr14	58362314	chr14	58298504	58373887	+	63810	26118.5	ARID4A	AT-rich interaction domain 4A	ENSG00000032219
5926	14:58363791_T_C	chr14	58363791	chr14	58298504	58373887	+	65287	27595.5	ARID4A	AT-rich interaction domain 4A	ENSG00000032219
5926	14:58364424_A_G	chr14	58364424	chr14	58298504	58373887	+	65920	28228.5	ARID4A	AT-rich interaction domain 4A	ENSG00000032219
5926	14:58367191_G_A	chr14	58367191	chr14	58298504	58373887	+	68687	30995.5	ARID4A	AT-rich interaction domain 4A	ENSG00000032219
64147	3:47276959_C_A	chr3	47276959	chr3	47227998	47283451	-	48961	21234.5	KIF9	kinesin family member 9	ENSG00000088727
64147	3:47281291_G_A	chr3	47281291	chr3	47227998	47283451	-	53293	25566.5	KIF9	kinesin family member 9	ENSG00000088727
64147	3:47281510_T_G	chr3	47281510	chr3	47227998	47283451	-	53512	25785.5	KIF9	kinesin family member 9	ENSG00000088727
84678	12:121476116_G_GAA	chr12	121476116	chr12	121429096	121581023	-	47020	28943.5	KDM2B	lysine demethylase 2B	ENSG00000089094
84678	12:121476119_G_A	chr12	121476119	chr12	121429096	121581023	-	47023	28940.5	KDM2B	lysine demethylase 2B	ENSG00000089094
84678	12:121476120_T_C	chr12	121476120	chr12	121429096	121581023	-	47024	28939.5	KDM2B	lysine demethylase 2B	ENSG00000089094
84678	12:121476122_T_C	chr12	121476122	chr12	121429096	121581023	-	47026	28937.5	KDM2B	lysine demethylase 2B	ENSG00000089094
84678	12:121482590_G_A	chr12	121482590	chr12	121429096	121581023	-	53494	22469.5	KDM2B	lysine demethylase 2B	ENSG00000089094
84678	12:121483077_T_C	chr12	121483077	chr12	121429096	121581023	-	53981	21982.5	KDM2B	lysine demethylase 2B	ENSG00000089094
84678	12:121486529_T_G	chr12	121486529	chr12	121429096	121581023	-	57433	18530.5	KDM2B	lysine demethylase 2B	ENSG00000089094
